,Average height (m),Total biomass (Kg/m^2)
plot1,6.896039,4910.379
plot2,4.490712,3895.022
plot3,4.812486,4853.535
plot4,2.419618,3296.832
plot5,5.130414,5477.157
plot6,8.411161,7657.443
plot7,7.871538,6072.436
plot8,7.817778,6383.552
plot9,7.102013,5996.888
plot10,3.435573,5528.151